{
  "CLASS_WEIGHTS": {
    "3": 0.8923971025137742,
    "5": 0.8923971025137742,
    "0": 0.9465300640480745,
    "1": 0.9775720465980887,
    "6": 1.0460652043646297,
    "2": 1.092958774548459,
    "4": 1.1520797054132002
  }
}