{
  "test_accuracy": 0.9980545043945312,
  "test_loss": 0.5952782034873962,
  "test_top3": 1.0,
  "class_names": [
    "CaS",
    "CoS",
    "Gum",
    "MC",
    "OC",
    "OLP",
    "OT"
  ],
  "precision": [
    0.9937888198757764,
    1.0,
    1.0,
    1.0,
    0.9908256880733946,
    1.0,
    1.0
  ],
  "recall": [
    1.0,
    1.0,
    1.0,
    0.9944444444444445,
    1.0,
    0.9944444444444445,
    1.0
  ],
  "f1": [
    0.9968847352024922,
    1.0,
    1.0,
    0.9972144846796658,
    0.9953917050691244,
    0.9972144846796658,
    1.0
  ],
  "support": [
    160,
    149,
    120,
    180,
    108,
    180,
    131
  ]
}